Ticker,Year,PeriodEnd,Revenue,NetProfit,Assets,Liabilities,Equity,Cash,ShortTermInvestments,Debt,OperatingCashFlow,CapEx,SourceFiled
MSFT,2017,2017-06-30,96571000000,25489000000,250312000000,162601000000,87711000000,7663000000,,86194000000.0,39507000000,8129000000.0,2018-08-03
MSFT,2018,2018-06-30,110360000000,16571000000,258848000000,176130000000,82718000000,11946000000,121822000000.0,76240000000.0,43884000000,11632000000.0,2019-08-01
MSFT,2019,2019-06-30,125843000000,39240000000,286556000000,184226000000,102330000000,11356000000,122463000000.0,72178000000.0,52185000000,13925000000.0,2020-07-30
MSFT,2020,2020-06-30,143015000000,44281000000,301311000000,183007000000,118304000000,13576000000,122951000000.0,63327000000.0,60675000000,15441000000.0,2021-07-29
MSFT,2021,2021-06-30,168088000000,61271000000,333779000000,191791000000,141988000000,14224000000,116110000000.0,58146000000.0,76740000000,20622000000.0,2022-07-28
MSFT,2022,2022-06-30,198270000000,72738000000,364840000000,198298000000,166542000000,13931000000,90826000000.0,49781000000.0,89035000000,23886000000.0,2023-07-27
MSFT,2023,2023-06-30,211915000000,72361000000,411976000000,205753000000,206223000000,34704000000,76558000000.0,47237000000.0,87582000000,28107000000.0,2024-07-30
MSFT,2024,2024-06-30,245122000000,88136000000,512163000000,243686000000,268477000000,18315000000,57228000000.0,51630000000.0,118548000000,44477000000.0,2025-07-30
MSFT,2025,2025-06-30,281724000000,101832000000,619003000000,275524000000,343479000000,30242000000,64323000000.0,43151000000.0,136162000000,64551000000.0,2026-07-29
MSFT,2026,2026-06-30,331839000000,133749000000,758376000000,315989000000,442387000000,20935000000,55908000000.0,40294000000.0,182935000000,115948000000.0,2026-07-29
AAPL,2017,2017-09-30,229234000000,48351000000,375319000000,241272000000,134047000000,20289000000,,115680000000.0,64225000000,12451000000.0,2018-11-05
AAPL,2018,2018-09-29,265595000000,59531000000,365725000000,258578000000,107147000000,25913000000,40388000000.0,114483000000.0,77434000000,13313000000.0,2019-10-31
AAPL,2019,2019-09-28,260174000000,55256000000,338516000000,248028000000,90488000000,48844000000,51713000000.0,108047000000.0,69391000000,10495000000.0,2020-10-30
AAPL,2020,2020-09-26,274515000000,57411000000,323888000000,258549000000,65339000000,38016000000,52927000000.0,112436000000.0,80674000000,7309000000.0,2021-10-29
AAPL,2021,2021-09-25,365817000000,94680000000,351002000000,287912000000,63090000000,34940000000,27699000000.0,124719000000.0,104038000000,11085000000.0,2022-10-28
AAPL,2022,2022-09-24,394328000000,99803000000,352755000000,302083000000,50672000000,23646000000,24658000000.0,120069000000.0,122151000000,10708000000.0,2023-11-03
AAPL,2023,2023-09-30,383285000000,96995000000,352583000000,290437000000,62146000000,29965000000,31590000000.0,111088000000.0,110543000000,10959000000.0,2024-11-01
AAPL,2024,2024-09-28,391035000000,93736000000,364980000000,308030000000,56950000000,29943000000,35228000000.0,106629000000.0,118254000000,9447000000.0,2025-10-31
AAPL,2025,2025-09-27,416161000000,112010000000,359241000000,285508000000,73733000000,35934000000,18763000000.0,98657000000.0,111482000000,12715000000.0,2025-10-31
GOOGL,2017,2017-12-31,110855000000,12662000000,197295000000,44793000000,152502000000,10715000000,91156000000.0,3943000000.0,37091000000,13184000000.0,2019-02-05
GOOGL,2018,2018-12-31,136819000000,30736000000,232792000000,55164000000,177628000000,16701000000,92439000000.0,3950000000.0,47971000000,25139000000.0,2020-02-04
GOOGL,2019,2019-12-31,161857000000,34343000000,275909000000,74467000000,201442000000,18498000000,101177000000.0,3958000000.0,54520000000,23548000000.0,2021-02-03
GOOGL,2020,2020-12-31,182527000000,40269000000,319616000000,97072000000,222544000000,26465000000,110229000000.0,15319000000.0,65124000000,22281000000.0,2022-02-02
GOOGL,2021,2021-12-31,257637000000,76033000000,359268000000,107633000000,251635000000,20945000000,118704000000.0,15440000000.0,91652000000,24640000000.0,2023-02-03
GOOGL,2022,2022-12-31,282836000000,59972000000,365264000000,109120000000,256144000000,21879000000,91883000000.0,15312000000.0,91495000000,31485000000.0,2024-01-31
GOOGL,2023,2023-12-31,307394000000,73795000000,402392000000,119013000000,283379000000,24048000000,86868000000.0,12870000000.0,101746000000,32251000000.0,2025-02-05
GOOGL,2024,2024-12-31,350018000000,100118000000,450256000000,125172000000,325084000000,23466000000,72191000000.0,14182000000.0,125299000000,52535000000.0,2026-02-05
GOOGL,2025,2025-12-31,402836000000,132170000000,595281000000,180016000000,415265000000,30708000000,96135000000.0,48543000000.0,164713000000,91447000000.0,2026-02-05
META,2017,2017-12-31,40653000000,15934000000,84524000000,10177000000,74347000000,8079000000,,0.0,24216000000,6733000000.0,2019-01-31
META,2018,2018-12-31,55838000000,22112000000,97334000000,13207000000,84127000000,10019000000,,0.0,29274000000,13915000000.0,2020-01-30
META,2019,2019-12-31,70697000000,18485000000,133376000000,32322000000,101054000000,19079000000,,0.0,36314000000,15102000000.0,2021-01-28
META,2020,2020-12-31,85965000000,29146000000,159316000000,31026000000,128290000000,17576000000,,0.0,38747000000,15115000000.0,2022-02-03
META,2021,2021-12-31,117929000000,39370000000,165987000000,41108000000,124879000000,16601000000,31397000000.0,0.0,57683000000,18690000000.0,2023-02-02
META,2022,2022-12-31,116609000000,23200000000,185727000000,60014000000,125713000000,14681000000,26057000000.0,9923000000.0,50475000000,31431000000.0,2024-02-02
META,2023,2023-12-31,134902000000,39098000000,229623000000,76455000000,153168000000,41862000000,23541000000.0,18385000000.0,71113000000,27045000000.0,2025-01-30
META,2024,2024-12-31,164501000000,62360000000,276054000000,93417000000,182637000000,43889000000,33926000000.0,28826000000.0,91328000000,37256000000.0,2026-01-29
META,2025,2025-12-31,200966000000,60458000000,366021000000,148778000000,217243000000,35873000000,45719000000.0,58744000000.0,115800000000,69691000000.0,2026-01-29
AMZN,2017,2017-12-31,177866000000,3033000000,131310000000,103601000000,27709000000,20522000000,10464000000.0,24843000000.0,18365000000,11955000000.0,2019-02-01
AMZN,2018,2018-12-31,232887000000,10073000000,162648000000,119099000000,43549000000,31750000000,9500000000.0,24866000000.0,30723000000,13427000000.0,2020-01-31
AMZN,2019,2019-12-31,280522000000,11588000000,225248000000,163188000000,62060000000,36092000000,18929000000.0,24719000000.0,38514000000,16861000000.0,2021-02-03
AMZN,2020,2020-12-31,386064000000,21331000000,321195000000,227791000000,93404000000,42122000000,42274000000.0,32971000000.0,66064000000,40140000000.0,2022-02-04
AMZN,2021,2021-12-31,469822000000,33364000000,420549000000,282304000000,138245000000,36220000000,59829000000.0,50235000000.0,46327000000,61053000000.0,2023-02-03
AMZN,2022,2022-12-31,513983000000,-2722000000,462675000000,316632000000,146043000000,53888000000,16138000000.0,70149000000.0,46752000000,63645000000.0,2024-02-02
AMZN,2023,2023-12-31,574785000000,30425000000,527854000000,325979000000,201875000000,73387000000,13393000000.0,66955000000.0,84946000000,52729000000.0,2025-02-07
AMZN,2024,2024-12-31,637959000000,59248000000,624894000000,338924000000,285970000000,78779000000,22423000000.0,57791000000.0,115877000000,82999000000.0,2026-02-06
AMZN,2025,2025-12-31,716924000000,77670000000,818042000000,406977000000,411065000000,86810000000,36219000000.0,68851000000.0,139514000000,131819000000.0,2026-02-06
